Workbook

Sheet cp1919
A1: x | B1: 1 | C1: 2 | D1: 3 | E1: 4 | F1: 5 | G1: 6 | H1: 7 | I1: 8 | J1: 9 | K1: 10 | L1: 11 | M1: 12 | N1: 13 | O1: 14 | P1: 15 | Q1: 16 | R1: 17 | S1: 18 | T1: 19 | U1: 20 | V1: 21 | W1: 22 | X1: 23 | Y1: 24 | Z1: 25 | AA1: 26 | AB1: 27 | AC1: 28 | AD1: 29 | AE1: 30 | AF1: 31 | AG1: 32 | AH1: 33 | AI1: 34 | AJ1: 35 | AK1: 36 | AL1: 37 | AM1: 38 | AN1: 39 | AO1: 40 | AP1: 41 | AQ1: 42 | AR1: 43 | AS1: 44 | AT1: 45 | AU1: 46 | AV1: 47 | AW1: 48 | AX1: 49 | AY1: 50 | AZ1: 51 | BA1: 52 | BB1: 53 | BC1: 54 | BD1: 55 | BE1: 56 | BF1: 57 | BG1: 58 | BH1: 59 | BI1: 60 | BJ1: 61 | BK1: 62 | BL1: 63 | BM1: 64 | BN1: 65 | BO1: 66 | BP1: 67 | BQ1: 68 | BR1: 69 | BS1: 70 | BT1: 71 | BU1: 72 | BV1: 73 | BW1: 74 | BX1: 75 | BY1: 76 | BZ1: 77 | CA1: 78 | CB1: 79 | CC1: 80
A2: 1 | B2: -0.81 | C2: -0.61 | D2: -1.43 | E2: -1.09 | F2: -1.13 | G2: -0.66 | H2: -0.36 | I2: -0.73 | J2: -0.89 | K2: -0.69 | L2: -0.65 | M2: 0.31 | N2: -0.74 | O2: -0.35 | P2: -0.67 | Q2: -0.84 | R2: -0.45 | S2: -0.85 | T2: -0.97 | U2: -1.47 | V2: -0.47 | W2: -1.47 | X2: -0.31 | Y2: 0.71 | Z2: -0.9 | AA2: -0.68 | AB2: -1.13 | AC2: -1.78 | AD2: -1.3 | AE2: -0.78 | AF2: -1.59 | AG2: -1.46 | AH2: -2.06 | AI2: -0.12 | AJ2: -1.33 | AK2: -1.43 | AL2: -0.71 | AM2: -0.28 | AN2: -1.1 | AO2: -0.08 | AP2: -1.07 | AQ2: 0.34 | AR2: 0.38 | AS2: 0.36 | AT2: -0.54 | AU2: -0.15 | AV2: -1.23 | AW2: -0.73 | AX2: -0.28 | AY2: -0.23 | AZ2: -0.05 | BA2: 0.44 | BB2: 0.11 | BC2: -0.76 | BD2: -0.41 | BE2: -0.68 | BF2: -0.98 | BG2: -0.5 | BH2: -0.68 | BI2: -0.76 | BJ2: -0.84 | BK2: -0.97 | BL2: -1.87 | BM2: -1.32 | BN2: -0.64 | BO2: -1.6 | BP2: -0.43 | BQ2: -1.01 | BR2: 0.16 | BS2: -0.3 | BT2: 0 | BU2: -0.16 | BV2: 0.19 | BW2: -0.32 | BX2: -0.16 | BY2: 0.62 | BZ2: 0.32 | CA2: -0.09 | CB2: 0.11 | CC2: 0.12
A3: 2 | B3: -0.91 | C3: -0.4 | D3: -1.15 | E3: -0.85 | F3: -0.98 | G3: -0.89 | H3: -0.21 | I3: -0.83 | J3: -0.61 | K3: -0.54 | L3: -1.05 | M3: 0.03 | N3: -0.65 | O3: -0.51 | P3: -0.88 | Q3: -0.64 | R3: -0.31 | S3: -1.13 | T3: -0.9 | U3: -1.18 | V3: -0.52 | W3: -1.4 | X3: -0.8 | Y3: 0.63 | Z3: -0.51 | AA3: -0.45 | AB3: -0.83 | AC3: -1.71 | AD3: -1.01 | AE3: -0.65 | AF3: -1.19 | AG3: -1.84 | AH3: -2.07 | AI3: -0.39 | AJ3: -0.86 | AK3: -1.18 | AL3: -0.54 | AM3: -0.49 | AN3: -1.17 | AO3: -0.46 | AP3: -1.26 | AQ3: -0.09 | AR3: 0.31 | AS3: -0.02 | AT3: -0.37 | AU3: -0.34 | AV3: -1.27 | AW3: -0.82 | AX3: -0.82 | AY3: -0.51 | AZ3: -0.14 | BA3: 0.32 | BB3: 0 | BC3: -1.17 | BD3: -0.64 | BE3: -0.59 | BF3: -0.93 | BG3: -0.75 | BH3: -0.37 | BI3: -1.15 | BJ3: -0.87 | BK3: -1.11 | BL3: -1.88 | BM3: -0.92 | BN3: -0.58 | BO3: -1.48 | BP3: -0.25 | BQ3: -0.47 | BR3: -0.18 | BS3: -0.59 | BT3: -0.12 | BU3: -0.15 | BV3: 0.06 | BW3: -0.83 | BX3: -0.26 | BY3: 0.64 | BZ3: 0.31 | CA3: -0.14 | CB3: 0.05 | CC3: -0.12
A4: 3 | B4: -1.09 | C4: -0.42 | D4: -1.25 | E4: -0.72 | F4: -0.93 | G4: -0.87 | H4: -0.44 | I4: -0.91 | J4: -0.74 | K4: -0.84 | L4: -0.7 | M4: 0.34 | N4: -0.47 | O4: -0.37 | P4: -0.89 | Q4: -0.71 | R4: -0.09 | S4: -0.66 | T4: -1.12 | U4: -1.09 | V4: -0.44 | W4: -1.21 | X4: -0.41 | Y4: 0.16 | Z4: -0.99 | AA4: -0.49 | AB4: -1.05 | AC4: -1.23 | AD4: -1.09 | AE4: -0.34 | AF4: -1.16 | AG4: -1.75 | AH4: -1.76 | AI4: -0.48 | AJ4: -1.31 | AK4: -1.04 | AL4: -0.44 | AM4: -0.77 | AN4: -0.98 | AO4: -0.25 | AP4: -0.95 | AQ4: 0.05 | AR4: -0.12 | AS4: -0.06 | AT4: -0.45 | AU4: -0.33 | AV4: -1.12 | AW4: -0.55 | AX4: -1.06 | AY4: -0.37 | AZ4: -0.46 | BA4: 0.17 | BB4: -0.25 | BC4: -1.41 | BD4: -0.5 | BE4: -0.61 | BF4: -1.09 | BG4: -0.41 | BH4: -0.36 | BI4: -1.2 | BJ4: -0.48 | BK4: -0.82 | BL4: -2.09 | BM4: -0.14 | BN4: -0.52 | BO4: -1.07 | BP4: -0.27 | BQ4: -0.68 | BR4: -0.54 | BS4: -0.19 | BT4: 0.1 | BU4: 0.25 | BV4: -0.27 | BW4: -0.69 | BX4: -0.36 | BY4: 0.59 | BZ4: 0.28 | CA4: -0.24 | CB4: 0.05 | CC4: -0.12
A5: 4 | B5: -1 | C5: -0.38 | D5: -1.13 | E5: -0.74 | F5: -0.9 | G5: -0.87 | H5: -0.2 | I5: -1.1 | J5: -0.85 | K5: -0.89 | L5: -0.86 | M5: 0.13 | N5: -0.22 | O5: -0.08 | P5: -0.69 | Q5: -0.38 | R5: -0.08 | S5: -0.54 | T5: -0.77 | U5: -1.37 | V5: -0.72 | W5: -0.92 | X5: -0.87 | Y5: 0.22 | Z5: -0.74 | AA5: -0.09 | AB5: -1.13 | AC5: -1.43 | AD5: -1.26 | AE5: -0.67 | AF5: -0.87 | AG5: -1.47 | AH5: -1.79 | AI5: -0.55 | AJ5: -1.26 | AK5: -1.05 | AL5: -0.7 | AM5: -0.74 | AN5: -1.36 | AO5: -0.57 | AP5: -1.13 | AQ5: -0.03 | AR5: -0.11 | AS5: -0.03 | AT5: -0.52 | AU5: -0.04 | AV5: -0.47 | AW5: -0.63 | AX5: -0.74 | AY5: -0.21 | AZ5: -0.3 | BA5: 0.48 | BB5: 0.01 | BC5: -1.34 | BD5: -0.62 | BE5: -0.25 | BF5: -1.09 | BG5: -0.31 | BH5: -0.96 | BI5: -1.03 | BJ5: -0.3 | BK5: -1.01 | BL5: -1.65 | BM5: -0.3 | BN5: -0.61 | BO5: -1.47 | BP5: -0.8 | BQ5: -0.61 | BR5: -0.36 | BS5: -0.53 | BT5: -0.01 | BU5: 0.37 | BV5: -0.11 | BW5: -0.8 | BX5: -0.49 | BY5: 0.3 | BZ5: 0.42 | CA5: -0.24 | CB5: -0.05 | CC5: -0.45
A6: 5 | B6: -0.59 | C6: -0.55 | D6: -0.76 | E6: -0.26 | F6: -1.14 | G6: -1.07 | H6: -0.31 | I6: -0.87 | J6: -0.77 | K6: -0.45 | L6: -0.48 | M6: 0.28 | N6: -0.27 | O6: 0 | P6: -0.82 | Q6: -0.63 | R6: -0.27 | S6: -0.59 | T6: -1.25 | U6: -1.28 | V6: -0.45 | W6: -0.96 | X6: -0.5 | Y6: -0.09 | Z6: -0.62 | AA6: -0.19 | AB6: -1.32 | AC6: -1.23 | AD6: -1.18 | AE6: -0.8 | AF6: -1.14 | AG6: -1.25 | AH6: -1.51 | AI6: -0.35 | AJ6: -1.26 | AK6: -0.97 | AL6: -0.76 | AM6: -0.45 | AN6: -1.08 | AO6: -0.1 | AP6: -1.34 | AQ6: -0.25 | AR6: -0.09 | AS6: 0.15 | AT6: -0.55 | AU6: -0.23 | AV6: -0.14 | AW6: -1.21 | AX6: -0.9 | AY6: -0.27 | AZ6: -0.46 | BA6: 0.01 | BB6: -0.12 | BC6: -1.38 | BD6: -0.48 | BE6: -0.45 | BF6: -1.01 | BG6: -0.66 | BH6: -0.75 | BI6: -1.16 | BJ6: -0.58 | BK6: -0.63 | BL6: -1.26 | BM6: -0.26 | BN6: -0.91 | BO6: -1.4 | BP6: -1.19 | BQ6: -0.73 | BR6: -0.31 | BS6: -0.54 | BT6: -0.15 | BU6: -0.13 | BV6: 0.09 | BW6: -0.76 | BX6: 0 | BY6: 0.01 | BZ6: -0.24 | CA6: -0.66 | CB6: -0.03 | CC6: -0.24
A7: 6 | B7: -0.82 | C7: -0.51 | D7: -0.25 | E7: -0.04 | F7: -1 | G7: -1.14 | H7: -0.06 | I7: -0.71 | J7: -0.93 | K7: -0.32 | L7: -0.56 | M7: 0.39 | N7: -0.28 | O7: 0.34 | P7: -0.52 | Q7: -0.73 | R7: -0.61 | S7: -0.53 | T7: -0.85 | U7: -1.08 | V7: -0.98 | W7: -0.57 | X7: -0.73 | Y7: 0.07 | Z7: -0.62 | AA7: -0.12 | AB7: -1.12 | AC7: -1.06 | AD7: -1.24 | AE7: -0.59 | AF7: -0.71 | AG7: -1.46 | AH7: -1.84 | AI7: -0.41 | AJ7: -1 | AK7: -0.7 | AL7: -0.66 | AM7: -0.9 | AN7: -1.02 | AO7: -0.28 | AP7: -0.86 | AQ7: -0.37 | AR7: -0.39 | AS7: 0.24 | AT7: -0.37 | AU7: -0.06 | AV7: -0.45 | AW7: -1.24 | AX7: -1.41 | AY7: -0.57 | AZ7: -0.23 | BA7: 0.1 | BB7: 0.05 | BC7: -1.12 | BD7: -0.5 | BE7: -0.32 | BF7: -0.61 | BG7: -0.69 | BH7: -0.93 | BI7: -0.9 | BJ7: -0.46 | BK7: -0.79 | BL7: -0.87 | BM7: -0.17 | BN7: -0.86 | BO7: -1.52 | BP7: -1.58 | BQ7: -0.91 | BR7: -0.37 | BS7: -0.3 | BT7: -0.06 | BU7: 0.06 | BV7: 0.03 | BW7: -0.16 | BX7: -0.15 | BY7: 0.05 | BZ7: -0.48 | CA7: 0 | CB7: -0.29 | CC7: -0.48
A8: 7 | B8: -0.43 | C8: -0.71 | D8: 0.4 | E8: -0.19 | F8: -0.9 | G8: -1.09 | H8: 0.03 | I8: -0.94 | J8: -0.47 | K8: -0.82 | L8: -0.46 | M8: 0.43 | N8: 0 | O8: 0.43 | P8: -0.96 | Q8: -0.53 | R8: -0.53 | S8: -0.54 | T8: -1.01 | U8: -1.44 | V8: -1.26 | W8: -1.13 | X8: -0.64 | Y8: 0 | Z8: -0.49 | AA8: 0.08 | AB8: -1.22 | AC8: -0.67 | AD8: -0.82 | AE8: -0.62 | AF8: -0.53 | AG8: -0.97 | AH8: -1.75 | AI8: -0.47 | AJ8: -0.84 | AK8: -0.35 | AL8: -0.86 | AM8: -0.52 | AN8: -1.26 | AO8: -0.47 | AP8: -0.5 | AQ8: -0.2 | AR8: -0.31 | AS8: 0.19 | AT8: -0.25 | AU8: -0.27 | AV8: -0.13 | AW8: -0.94 | AX8: -1.35 | AY8: -0.29 | AZ8: -0.45 | BA8: -0.11 | BB8: 0.14 | BC8: -0.96 | BD8: -0.25 | BE8: -0.42 | BF8: -0.78 | BG8: -0.65 | BH8: -1.07 | BI8: -1.15 | BJ8: 0.01 | BK8: -1.19 | BL8: -0.51 | BM8: -0.34 | BN8: -0.95 | BO8: -1.5 | BP8: -1.52 | BQ8: -1.16 | BR8: -0.51 | BS8: -0.32 | BT8: 0.19 | BU8: 0.11 | BV8: -0.1 | BW8: 0.15 | BX8: -0.57 | BY8: -0.63 | BZ8: -0.73 | CA8: 0.29 | CB8: -0.08 | CC8: -0.57
A9: 8 | B9: -0.68 | C9: -0.79 | D9: 0.26 | E9: 0.18 | F9: -1.18 | G9: -1.61 | H9: -0.22 | I9: -0.8 | J9: -0.69 | K9: -0.21 | L9: -0.21 | M9: 0.35 | N9: -0.06 | O9: -0.27 | P9: -0.86 | Q9: -0.47 | R9: -0.89 | S9: -0.24 | T9: -1.1 | U9: -1.22 | V9: -1.05 | W9: -0.84 | X9: -0.78 | Y9: -0.39 | Z9: -0.62 | AA9: 0.18 | AB9: -1.28 | AC9: -0.79 | AD9: -1.02 | AE9: -0.57 | AF9: -0.33 | AG9: -0.79 | AH9: -1.43 | AI9: -0.4 | AJ9: -1.09 | AK9: -0.52 | AL9: -0.32 | AM9: -0.4 | AN9: -1.18 | AO9: -0.66 | AP9: -0.41 | AQ9: -0.1 | AR9: -0.54 | AS9: 0.06 | AT9: -0.68 | AU9: -0.1 | AV9: 0.29 | AW9: -1.15 | AX9: -1.06 | AY9: -1.05 | AZ9: -0.3 | BA9: 0.04 | BB9: -0.04 | BC9: -0.64 | BD9: -0.18 | BE9: -0.5 | BF9: -0.51 | BG9: -0.25 | BH9: -0.82 | BI9: -0.95 | BJ9: -0.25 | BK9: -1.01 | BL9: -1.05 | BM9: -0.55 | BN9: -1.03 | BO9: -1.6 | BP9: -1.02 | BQ9: -0.91 | BR9: -0.74 | BS9: -0.13 | BT9: 0.29 | BU9: -0.03 | BV9: -0.03 | BW9: 0.24 | BX9: -0.57 | BY9: 0.07 | BZ9: -0.64 | CA9: 0.29 | CB9: -0.54 | CC9: -0.19
A10: 9 | B10: -0.71 | C10: -0.52 | D10: 0.3 | E10: 0.03 | F10: -1.3 | G10: -1.36 | H10: -0.45 | I10: -0.99 | J10: -0.91 | K10: -0.25 | L10: -0.35 | M10: -0.01 | N10: 0.09 | O10: -0.55 | P10: -0.7 | Q10: -0.5 | R10: 0 | S10: -0.37 | T10: -1.22 | U10: -1.25 | V10: -1.42 | W10: -1.22 | X10: -0.44 | Y10: -0.23 | Z10: -0.5 | AA10: 0.04 | AB10: -1.01 | AC10: -0.75 | AD10: -1.31 | AE10: -0.85 | AF10: -0.08 | AG10: -1.11 | AH10: -1.17 | AI10: -0.6 | AJ10: -1.06 | AK10: -0.68 | AL10: -0.35 | AM10: -0.13 | AN10: -1.41 | AO10: -0.41 | AP10: -0.26 | AQ10: -0.56 | AR10: -0.41 | AS10: 0.34 | AT10: -0.63 | AU10: 0.17 | AV10: 0 | AW10: -1.39 | AX10: -1.05 | AY10: -0.95 | AZ10: -0.35 | BA10: -0.25 | BB10: -0.11 | BC10: -0.27 | BD10: -0.28 | BE10: -0.25 | BF10: -0.66 | BG10: 0.02 | BH10: -1.08 | BI10: -1.11 | BJ10: -0.15 | BK10: -0.95 | BL10: -0.99 | BM10: -0.29 | BN10: -0.75 | BO10: -1.57 | BP10: -0.46 | BQ10: -0.74 | BR10: -0.92 | BS10: 0 | BT10: 0.23 | BU10: 0.05 | BV10: 0.05 | BW10: 0.1 | BX10: -0.85 | BY10: 0.36 | BZ10: 0.04 | CA10: 0.6 | CB10: -0.01 | CC10: -0.07
A11: 10 | B11: -0.27 | C11: -0.4 | D11: 0.36 | E11: 0.19 | F11: -1.07 | G11: -1.55 | H11: -0.15 | I11: -0.8 | J11: -0.58 | K11: -0.19 | L11: -0.43 | M11: 0 | N11: 0.25 | O11: -1.06 | P11: -0.39 | Q11: -0.49 | R11: 0 | S11: -0.36 | T11: -0.69 | U11: -1.1 | V11: -1.84 | W11: -1.42 | X11: -0.77 | Y11: -0.27 | Z11: -0.1 | AA11: 0.02 | AB11: -1.14 | AC11: -1.06 | AD11: -0.91 | AE11: -1.02 | AF11: 0.26 | AG11: -1.03 | AH11: -1.01 | AI11: -0.37 | AJ11: -0.59 | AK11: -0.61 | AL11: -0.35 | AM11: 0.26 | AN11: -1.06 | AO11: -0.69 | AP11: 0.51 | AQ11: -0.67 | AR11: -0.53 | AS11: 0.2 | AT11: -0.21 | AU11: 0.24 | AV11: 0.14 | AW11: -1.22 | AX11: -0.49 | AY11: -1.32 | AZ11: -0.55 | BA11: 0.15 | BB11: 0.08 | BC11: -0.54 | BD11: -0.25 | BE11: -0.25 | BF11: -0.81 | BG11: -0.36 | BH11: -0.99 | BI11: -0.82 | BJ11: -0.43 | BK11: -0.85 | BL11: -1.42 | BM11: -0.38 | BN11: -0.73 | BO11: -1.2 | BP11: -0.37 | BQ11: -0.8 | BR11: -1.33 | BS11: 0.55 | BT11: 0.02 | BU11: 0.19 | BV11: 0.1 | BW11: 0.11 | BX11: -0.6 | BY11: 0.78 | BZ11: 0.02 | CA11: 0.86 | CB11: 0.01 | CC11: -0.59
A12: 11 | B12: -0.28 | C12: -0.51 | D12: 0.73 | E12: 0.14 | F12: -1.18 | G12: -1.45 | H12: -0.09 | I12: -0.05 | J12: -0.92 | K12: 0.01 | L12: -1.08 | M12: 0.12 | N12: 0.19 | O12: -0.73 | P12: -0.7 | Q12: -0.8 | R12: 0.4 | S12: -0.27 | T12: -0.89 | U12: -1.22 | V12: -2.25 | W12: -1.34 | X12: -0.67 | Y12: -0.37 | Z12: 0.33 | AA12: -0.05 | AB12: -1.09 | AC12: -0.57 | AD12: -0.78 | AE12: -0.85 | AF12: 0.11 | AG12: -0.87 | AH12: -1 | AI12: -0.55 | AJ12: -1 | AK12: -0.32 | AL12: -0.21 | AM12: -0.38 | AN12: -1.1 | AO12: -0.42 | AP12: 0.45 | AQ12: -0.66 | AR12: -0.34 | AS12: 0.47 | AT12: -0.43 | AU12: 0 | AV12: 0.24 | AW12: -1.45 | AX12: -0.36 | AY12: -1.64 | AZ12: -0.52 | BA12: -0.16 | BB12: -0.16 | BC12: -0.24 | BD12: -0.38 | BE12: -0.19 | BF12: -0.34 | BG12: -0.52 | BH12: -1.17 | BI12: -1.14 | BJ12: -0.99 | BK12: -0.69 | BL12: -1.33 | BM12: -0.31 | BN12: -0.77 | BO12: -1.07 | BP12: -0.63 | BQ12: -1.04 | BR12: -0.53 | BS12: 1.23 | BT12: -0.08 | BU12: 0.45 | BV12: 0.74 | BW12: -0.14 | BX12: -0.05 | BY12: 0.48 | BZ12: -0.04 | CA12: 1.33 | CB12: -0.08 | CC12: -0.21
A13: 12 | B13: -0.05 | C13: -0.32 | D13: 0.27 | E13: -0.26 | F13: -1.37 | G13: -2.04 | H13: -0.36 | I13: 0.04 | J13: -0.64 | K13: 0.18 | L13: -1.18 | M13: 0.45 | N13: -0.16 | O13: -0.21 | P13: -0.33 | Q13: -1.26 | R13: 0.39 | S13: 0 | T13: -0.67 | U13: -1.6 | V13: -2.47 | W13: -1.51 | X13: -0.49 | Y13: -0.67 | Z13: 0.13 | AA13: 0.1 | AB13: -0.97 | AC13: -1.08 | AD13: -1.03 | AE13: -0.99 | AF13: -0.39 | AG13: -0.67 | AH13: -0.78 | AI13: -0.51 | AJ13: -1.59 | AK13: -0.36 | AL13: -0.29 | AM13: -0.56 | AN13: -0.91 | AO13: -0.93 | AP13: -0.09 | AQ13: -0.5 | AR13: -0.42 | AS13: 0.18 | AT13: -0.36 | AU13: -0.44 | AV13: 0.12 | AW13: -1.18 | AX13: -1.06 | AY13: -1.07 | AZ13: -1.29 | BA13: -0.23 | BB13: -0.13 | BC13: -0.7 | BD13: -0.47 | BE13: 0 | BF13: -0.75 | BG13: -0.69 | BH13: -1 | BI13: -1.23 | BJ13: -1.13 | BK13: -0.58 | BL13: -1.42 | BM13: 0.37 | BN13: -1.1 | BO13: -1.48 | BP13: -0.37 | BQ13: -0.72 | BR13: -0.76 | BS13: 0.84 | BT13: 0.17 | BU13: 0.25 | BV13: 0.49 | BW13: -0.17 | BX13: -0.25 | BY13: 0.55 | BZ13: -0.8 | CA13: 0.53 | CB13: -0.15 | CC13: -0.67
... A16: 15 | B16: -0.06 | C16: -0.37 | D16: 0.41 | E16: -0.34 | F16: -0.96 | G16: -1.86 | H16: -0.14 | I16: 0.36 | J16: -0.7 | K16: 0.01 | L16: -1.05 | M16: 0.34 | N16: -0.2 | O16: 0.35 | P16: -0.41 | Q16: -0.96 | R16: 0.2 | S16: 0.07 | T16: -0.97 | U16: -1.59 | V16: -1.84 | W16: 0.2 | X16: -0.51 | Y16: -0.65 | Z16: -0.04 | AA16: 0.04 | AB16: -1.48 | AC16: -0.52 | AD16: -1.08 | AE16: -0.8 | AF16: -0.79 | AG16: -0.6 | AH16: -0.78 | AI16: 0.5 | AJ16: -2.54 | AK16: -0.74 | AL16: 0.09 | AM16: -0.91 | AN16: -1.18 | AO16: -0.88 | AP16: -0.4 | AQ16: -0.92 | AR16: -0.42 | AS16: 0.24 | AT16: -0.65 | AU16: -1.35 | AV16: -0.36 | AW16: -1.79 | AX16: -0.31 | AY16: -0.09 | AZ16: -0.66 | BA16: -0.23 | BB16: -0.82 | BC16: -0.37 | BD16: 0 | BE16: 0.18 | BF16: -0.68 | BG16: -1 | BH16: -1.3 | BI16: -0.77 | BJ16: -0.93 | BK16: 0.07 | BL16: -1.23 | BM16: -0.25 | BN16: -1.36 | BO16: -0.08 | BP16: -0.62 | BQ16: -0.63 | BR16: -1.1 | BS16: -0.01 | BT16: 0 | BU16: 0.04 | BV16: 0.72 | BW16: 0.26 | BX16: -0.11 | BY16: 0.09 | BZ16: -0.1 | CA16: -0.29 | CB16: -0.72 | CC16: -1.04
A17: 16 | B17: -0.14 | C17: -0.33 | D17: -0.11 | E17: -0.44 | F17: -0.91 | G17: -1.95 | H17: -0.5 | I17: -0.28 | J17: -0.58 | K17: 0.13 | L17: -0.4 | M17: 0 | N17: -0.24 | O17: 0.08 | P17: -0.64 | Q17: -0.91 | R17: -0.17 | S17: -0.13 | T17: -1.03 | U17: -1.35 | V17: -1.69 | W17: 0.19 | X17: -0.75 | Y17: -0.24 | Z17: 0.05 | AA17: 0.24 | AB17: -1.95 | AC17: -0.16 | AD17: -0.55 | AE17: -0.33 | AF17: -1.07 | AG17: -0.97 | AH17: -0.78 | AI17: 0.53 | AJ17: -2.39 | AK17: -0.48 | AL17: 0.08 | AM17: -0.95 | AN17: -1.31 | AO17: -0.78 | AP17: -0.21 | AQ17: -0.69 | AR17: -0.6 | AS17: 0.04 | AT17: -0.97 | AU17: -1.58 | AV17: -0.43 | AW17: -1.8 | AX17: -0.14 | AY17: 0.19 | AZ17: -0.67 | BA17: -0.01 | BB17: -0.94 | BC17: -0.58 | BD17: -0.17 | BE17: -0.21 | BF17: -0.79 | BG17: -1.07 | BH17: -1.39 | BI17: -0.82 | BJ17: -0.95 | BK17: 0.03 | BL17: -1.12 | BM17: -0.67 | BN17: -0.99 | BO17: -0.56 | BP17: -0.93 | BQ17: -0.7 | BR17: -1.03 | BS17: -0.21 | BT17: -0.69 | BU17: -0.11 | BV17: 0.23 | BW17: 0.06 | BX17: -0.62 | BY17: 0.13 | BZ17: 0.49 | CA17: -0.12 | CB17: -0.95 | CC17: -1.31
A18: 17 | B18: 0 | C18: -0.34 | D18: 0.16 | E18: -0.86 | F18: -0.97 | G18: -1.86 | H18: -0.4 | I18: -1.45 | J18: -0.63 | K18: 0.06 | L18: 0.31 | M18: -0.09 | N18: -0.09 | O18: 0.02 | P18: -0.25 | Q18: -0.73 | R18: 0.03 | S18: 0.48 | T18: -0.55 | U18: -1.21 | V18: -1.31 | W18: 0.23 | X18: -1 | Y18: -0.61 | Z18: 0.29 | AA18: 0.06 | AB18: -1.93 | AC18: -0.14 | AD18: -0.49 | AE18: -0.69 | AF18: -1.01 | AG18: -0.62 | AH18: -0.36 | AI18: 0.64 | AJ18: -1.82 | AK18: -0.24 | AL18: 0.13 | AM18: -0.84 | AN18: -1.19 | AO18: -0.74 | AP18: -0.18 | AQ18: -0.73 | AR18: -0.68 | AS18: 0.27 | AT18: -0.53 | AU18: -1.91 | AV18: 0.05 | AW18: -1.41 | AX18: -0.21 | AY18: -0.2 | AZ18: -0.06 | BA18: -0.05 | BB18: -0.92 | BC18: -0.33 | BD18: -0.3 | BE18: -0.03 | BF18: -0.92 | BG18: -0.87 | BH18: -1.82 | BI18: -0.69 | BJ18: -1.16 | BK18: 0.29 | BL18: -1.36 | BM18: -0.87 | BN18: -0.96 | BO18: -0.35 | BP18: -1.34 | BQ18: -0.61 | BR18: -1.37 | BS18: 0.09 | BT18: -0.66 | BU18: -0.32 | BV18: -0.57 | BW18: 0.57 | BX18: -0.48 | BY18: 0.12 | BZ18: 0.97 | CA18: -0.32 | CB18: -1.66 | CC18: -1.31
A19: 18 | B19: -0.01 | C19: -0.65 | D19: 0.46 | E19: -0.67 | F19: -1.25 | G19: -1.2 | H19: -0.6 | I19: -1.93 | J19: -0.91 | K19: 0.39 | L19: 0.71 | M19: 0.37 | N19: -0.14 | O19: -0.19 | P19: -0.32 | Q19: -0.44 | R19: -0.1 | S19: 0.31 | T19: -0.71 | U19: -1.34 | V19: -1.67 | W19: 0.21 | X19: -0.76 | Y19: -0.33 | Z19: 0.11 | AA19: -0.05 | AB19: -2.11 | AC19: -0.2 | AD19: -0.64 | AE19: -0.04 | AF19: -0.72 | AG19: -0.64 | AH19: -0.45 | AI19: 0.26 | AJ19: -1.54 | AK19: -0.09 | AL19: -0.07 | AM19: -0.49 | AN19: -0.97 | AO19: -0.65 | AP19: -0.54 | AQ19: -1.25 | AR19: -0.53 | AS19: 0.28 | AT19: -0.38 | AU19: -1.51 | AV19: -0.27 | AW19: -1.53 | AX19: -0.1 | AY19: -0.34 | AZ19: -0.38 | BA19: 0.08 | BB19: -0.56 | BC19: -0.43 | BD19: -0.6 | BE19: -0.14 | BF19: -0.61 | BG19: -0.52 | BH19: -1.64 | BI19: -0.69 | BJ19: -1.05 | BK19: -0.17 | BL19: -1.32 | BM19: -0.31 | BN19: -1.29 | BO19: -0.55 | BP19: -1.65 | BQ19: -0.56 | BR19: -1.15 | BS19: -0.18 | BT19: -0.81 | BU19: -0.23 | BV19: -1.05 | BW19: 0.13 | BX19: -1.03 | BY19: -0.03 | BZ19: 0.89 | CA19: -0.7 | CB19: -1.38 | CC19: -1.23
A20: 19 | B20: 0.24 | C20: -0.34 | D20: 0.56 | E20: -0.31 | F20: -0.92 | G20: -1.34 | H20: -0.43 | I20: -1.38 | J20: -0.38 | K20: 0.18 | L20: 0.98 | M20: -0.07 | N20: -0.08 | O20: -0.17 | P20: -0.56 | Q20: -0.01 | R20: -0.23 | S20: 0.39 | T20: -0.59 | U20: -1.13 | V20: -1.53 | W20: -0.01 | X20: -0.56 | Y20: -0.35 | Z20: 0.25 | AA20: -0.06 | AB20: -1.66 | AC20: -0.06 | AD20: -0.46 | AE20: -0.16 | AF20: -0.87 | AG20: -1.05 | AH20: -0.71 | AI20: 0.28 | AJ20: -1.72 | AK20: 0.15 | AL20: -0.38 | AM20: -0.19 | AN20: -0.94 | AO20: -0.81 | AP20: -0.43 | AQ20: -1.1 | AR20: -0.28 | AS20: -0.07 | AT20: -0.41 | AU20: -1.27 | AV20: -0.38 | AW20: -1.67 | AX20: -0.27 | AY20: -0.3 | AZ20: -0.29 | BA20: -0.15 | BB20: -0.81 | BC20: -0.43 | BD20: -0.97 | BE20: -0.53 | BF20: -0.81 | BG20: -0.57 | BH20: -1.46 | BI20: -0.58 | BJ20: -0.85 | BK20: -0.18 | BL20: -0.46 | BM20: -0.62 | BN20: -0.81 | BO20: -0.92 | BP20: -2.04 | BQ20: -0.33 | BR20: -0.81 | BS20: 0.07 | BT20: -0.98 | BU20: 0.07 | BV20: -1.27 | BW20: 0.57 | BX20: -1.56 | BY20: -0.05 | BZ20: 0.13 | CA20: -0.73 | CB20: -1.62 | CC20: -1.53
A21: 20 | B21: 0.25 | C21: -0.75 | D21: 0.63 | E21: -0.25 | F21: -0.98 | G21: -1.09 | H21: -0.16 | I21: -0.48 | J21: -0.92 | K21: 0.28 | L21: 0.67 | M21: -0.08 | N21: -0.19 | O21: -0.52 | P21: -0.3 | Q21: 0.17 | R21: 0.23 | S21: 0.21 | T21: -0.28 | U21: -1.08 | V21: -0.96 | W21: 0.01 | X21: -0.97 | Y21: 0.12 | Z21: -0.14 | AA21: -0.25 | AB21: -0.97 | AC21: -0.06 | AD21: -0.46 | AE21: 0.34 | AF21: -0.87 | AG21: -0.76 | AH21: -0.55 | AI21: 0.51 | AJ21: -1.19 | AK21: -0.25 | AL21: -0.25 | AM21: -0.87 | AN21: -1.16 | AO21: -1.03 | AP21: -0.15 | AQ21: -1.1 | AR21: -0.03 | AS21: 0.27 | AT21: -0.55 | AU21: -0.76 | AV21: -0.08 | AW21: -1.51 | AX21: -0.47 | AY21: -0.41 | AZ21: 0.01 | BA21: -0.11 | BB21: -0.67 | BC21: -0.64 | BD21: -0.61 | BE21: -0.98 | BF21: -0.97 | BG21: -0.38 | BH21: -1.52 | BI21: -1.15 | BJ21: -1.07 | BK21: -0.65 | BL21: -0.61 | BM21: -0.17 | BN21: -0.76 | BO21: -1.08 | BP21: -1.85 | BQ21: -0.23 | BR21: -1.03 | BS21: -0.29 | BT21: -1.03 | BU21: -0.43 | BV21: -1.61 | BW21: 0.02 | BX21: -0.91 | BY21: -0.1 | BZ21: -0.31 | CA21: -0.57 | CB21: -0.73 | CC21: -1.3
A22: 21 | B22: -0.04 | C22: -0.73 | D22: 0.14 | E22: 0.18 | F22: -1.37 | G22: -0.62 | H22: -0.36 | I22: -0.59 | J22: -0.82 | K22: 0.19 | L22: 0.65 | M22: 0.43 | N22: -0.59 | O22: -0.13 | P22: -0.6 | Q22: 0.22 | R22: 0.13 | S22: 0.53 | T22: -0.3 | U22: -1.05 | V22: -1.06 | W22: -0.21 | X22: -0.68 | Y22: 0.32 | Z22: -0.42 | AA22: -0.57 | AB22: -1.11 | AC22: -0.02 | AD22: -0.4 | AE22: 0.12 | AF22: -0.37 | AG22: -0.82 | AH22: -0.7 | AI22: 0.04 | AJ22: -1.52 | AK22: 0.16 | AL22: -0.44 | AM22: -1.23 | AN22: -1.28 | AO22: -0.94 | AP22: -0.53 | AQ22: -1.2 | AR22: 0.56 | AS22: 0.37 | AT22: -0.61 | AU22: -0.43 | AV22: -0.38 | AW22: -1.06 | AX22: -0.45 | AY22: -0.68 | AZ22: -0.37 | BA22: -0.46 | BB22: -0.34 | BC22: -0.34 | BD22: -0.91 | BE22: -1.65 | BF22: -0.55 | BG22: -0.38 | BH22: -1.27 | BI22: -1.05 | BJ22: -0.87 | BK22: -0.27 | BL22: -0.45 | BM22: -0.31 | BN22: -1.11 | BO22: -1.53 | BP22: -1.84 | BQ22: 0.3 | BR22: -1.04 | BS22: -0.15 | BT22: -0.95 | BU22: 0.02 | BV22: -1.38 | BW22: 0.4 | BX22: -1.06 | BY22: -0.33 | BZ22: 0.23 | CA22: -0.83 | CB22: -0.36 | CC22: -1.8
A23: 22 | B23: 0.33 | C23: -0.75 | D23: -0.09 | E23: 0.21 | F23: -0.83 | G23: -0.56 | H23: -0.31 | I23: -0.43 | J23: -0.41 | K23: 0.31 | L23: 0.46 | M23: 0.3 | N23: -0.46 | O23: -0.19 | P23: -0.35 | Q23: 0.17 | R23: 0.03 | S23: 0.47 | T23: -0.57 | U23: -1.29 | V23: -0.66 | W23: -0.45 | X23: -0.73 | Y23: 0.86 | Z23: -0.36 | AA23: -0.18 | AB23: -0.57 | AC23: 0.01 | AD23: -0.26 | AE23: 0.46 | AF23: -0.28 | AG23: -0.58 | AH23: -0.67 | AI23: -0.08 | AJ23: -1.36 | AK23: 0.49 | AL23: -0.77 | AM23: -1.02 | AN23: -1.08 | AO23: -0.65 | AP23: -0.57 | AQ23: -1.09 | AR23: 0.71 | AS23: 0.02 | AT23: -0.58 | AU23: 0.02 | AV23: -0.54 | AW23: -1.13 | AX23: -0.76 | AY23: -0.75 | AZ23: -0.44 | BA23: -0.34 | BB23: 0.23 | BC23: -0.78 | BD23: -1.07 | BE23: -1.25 | BF23: -1.32 | BG23: -0.31 | BH23: -1.46 | BI23: -1.49 | BJ23: -1.2 | BK23: -0.61 | BL23: -0.68 | BM23: -0.16 | BN23: -0.96 | BO23: -1.93 | BP23: -1 | BQ23: 0.58 | BR23: -0.91 | BS23: -0.31 | BT23: -1.1 | BU23: -0.41 | BV23: -1.25 | BW23: -0.1 | BX23: -1.1 | BY23: -0.33 | BZ23: 0.32 | CA23: -0.85 | CB23: -0.22 | CC23: -1.52
A24: 23 | B24: 0.24 | C24: -0.78 | D24: -0.42 | E24: 0.55 | F24: -1.26 | G24: -0.59 | H24: -0.43 | I24: -0.44 | J24: -0.67 | K24: 0.12 | L24: 0.49 | M24: 0.34 | N24: -0.58 | O24: -0.51 | P24: -0.14 | Q24: 0.27 | R24: 0.06 | S24: 0.48 | T24: -0.16 | U24: -1.11 | V24: -0.87 | W24: -0.38 | X24: -1.03 | Y24: 1.11 | Z24: -0.24 | AA24: -0.74 | AB24: -0.46 | AC24: -0.16 | AD24: -0.34 | AE24: 0.14 | AF24: -0.52 | AG24: -0.91 | AH24: -0.45 | AI24: -0.11 | AJ24: -0.92 | AK24: 0.61 | AL24: -0.72 | AM24: 0.2 | AN24: -0.94 | AO24: -0.75 | AP24: -0.35 | AQ24: -1.25 | AR24: 0.06 | AS24: -0.32 | AT24: -0.38 | AU24: -0.09 | AV24: -0.68 | AW24: -1.29 | AX24: -0.43 | AY24: -0.6 | AZ24: -0.23 | BA24: -0.47 | BB24: 0.19 | BC24: -0.75 | BD24: -1.23 | BE24: -0.69 | BF24: -1.04 | BG24: -0.63 | BH24: -1.24 | BI24: -1.84 | BJ24: -1.16 | BK24: -0.8 | BL24: -0.89 | BM24: -0.45 | BN24: -1.04 | BO24: -1.86 | BP24: -0.68 | BQ24: 0.25 | BR24: -1 | BS24: -0.46 | BT24: -1.08 | BU24: -0.7 | BV24: -1.17 | BW24: -0.28 | BX24: -0.66 | BY24: -0.72 | BZ24: 0.36 | CA24: -0.94 | CB24: 0.09 | CC24: -1.84
A25: 24 | B25: 0.15 | C25: -0.39 | D25: -0.96 | E25: 0.22 | F25: -1.29 | G25: -0.65 | H25: -0.69 | I25: -0.29 | J25: -0.9 | K25: 0.01 | L25: 0.79 | M25: 0.4 | N25: -0.17 | O25: -0.41 | P25: -0.55 | Q25: 0.35 | R25: -0.25 | S25: 0.56 | T25: -0.37 | U25: -1.12 | V25: -0.83 | W25: -0.43 | X25: -0.92 | Y25: 0.85 | Z25: -0.53 | AA25: -0.79 | AB25: -0.77 | AC25: -0.18 | AD25: -0.38 | AE25: 0.04 | AF25: -0.52 | AG25: -0.72 | AH25: -0.63 | AI25: -0.01 | AJ25: -0.58 | AK25: 0.29 | AL25: -0.72 | AM25: 0.39 | AN25: -1 | AO25: -0.82 | AP25: -0.62 | AQ25: -1.15 | AR25: 0.29 | AS25: -0.36 | AT25: -0.59 | AU25: 0.15 | AV25: -0.78 | AW25: -1.07 | AX25: -0.82 | AY25: -0.3 | AZ25: -0.5 | BA25: -0.73 | BB25: -0.03 | BC25: -0.55 | BD25: -0.63 | BE25: -0.36 | BF25: -1.04 | BG25: -0.47 | BH25: -1.13 | BI25: -1.87 | BJ25: -1.23 | BK25: -0.54 | BL25: -1.36 | BM25: -0.53 | BN25: -0.94 | BO25: -1.5 | BP25: -0.14 | BQ25: -0.16 | BR25: -1.14 | BS25: -0.52 | BT25: -0.71 | BU25: -1.2 | BV25: -0.04 | BW25: -0.21 | BX25: -0.16 | BY25: -0.61 | BZ25: -0.22 | CA25: -1.03 | CB25: 0.06 | CC25: -1.81
A26: 25 | B26: -0.01 | C26: -0.54 | D26: -0.16 | E26: 0.4 | F26: -0.85 | G26: -0.38 | H26: -0.23 | I26: -0.41 | J26: -0.61 | K26: 0.14 | L26: 0.3 | M26: 0.15 | N26: -0.38 | O26: -0.49 | P26: -0.42 | Q26: 0.36 | R26: 0.3 | S26: 0.17 | T26: -0.39 | U26: -1.08 | V26: -0.85 | W26: -0.32 | X26: -1.21 | Y26: 0.63 | Z26: -0.68 | AA26: -0.72 | AB26: -0.75 | AC26: -0.23 | AD26: -0.36 | AE26: 0.4 | AF26: -0.35 | AG26: -0.43 | AH26: -0.6 | AI26: -0.28 | AJ26: -0.36 | AK26: -0.36 | AL26: -0.65 | AM26: 0.5 | AN26: -0.84 | AO26: -0.51 | AP26: -0.57 | AQ26: -1.35 | AR26: 0.18 | AS26: -1.05 | AT26: -0.61 | AU26: -0.05 | AV26: -0.44 | AW26: -1.2 | AX26: -0.4 | AY26: -0.39 | AZ26: -0.25 | BA26: -1.45 | BB26: 0 | BC26: -0.51 | BD26: -0.42 | BE26: -0.39 | BF26: -0.46 | BG26: -0.69 | BH26: -1.35 | BI26: -1.87 | BJ26: -0.96 | BK26: -1.07 | BL26: -1.88 | BM26: -1.06 | BN26: -1.08 | BO26: -1.65 | BP26: -0.34 | BQ26: -0.03 | BR26: -1.08 | BS26: -0.68 | BT26: -0.63 | BU26: -0.9 | BV26: 0.45 | BW26: -0.05 | BX26: 0.19 | BY26: -0.41 | BZ26: -0.48 | CA26: -0.84 | CB26: -0.22 | CC26: -1.2
A27: 26 | B27: 0.15 | C27: -0.33 | D27: 0.58 | E27: -0.12 | F27: -1.17 | G27: -0.7 | H27: -0.51 | I27: -0.36 | J27: -0.9 | K27: -0.06 | L27: 0.7 | M27: 0 | N27: -0.39 | O27: -0.58 | P27: -0.62 | Q27: 0.41 | R27: 0.17 | S27: 0.59 | T27: 0.13 | U27: -0.93 | V27: -0.45 | W27: 0.28 | X27: -1.18 | Y27: 0.46 | Z27: -0.62 | AA27: -0.43 | AB27: -0.52 | AC27: -0.15 | AD27: -0.2 | AE27: 0.35 | AF27: -0.46 | AG27: -0.37 | AH27: -0.71 | AI27: -0.23 | AJ27: -0.16 | AK27: -0.74 | AL27: -0.96 | AM27: 0.33 | AN27: -1.18 | AO27: -0.74 | AP27: -0.96 | AQ27: -1.06 | AR27: -0.37 | AS27: -1.07 | AT27: -0.16 | AU27: -0.18 | AV27: -0.68 | AW27: -0.84 | AX27: -0.82 | AY27: -0.4 | AZ27: -0.41 | BA27: -1.47 | BB27: -0.31 | BC27: -0.85 | BD27: -0.33 | BE27: -0.3 | BF27: -0.86 | BG27: -0.8 | BH27: -1.09 | BI27: -2.07 | BJ27: -1.25 | BK27: -0.54 | BL27: -1.17 | BM27: -1.1 | BN27: -0.88 | BO27: -1.35 | BP27: -0.27 | BQ27: -0.43 | BR27: -0.98 | BS27: -0.88 | BT27: -0.85 | BU27: -0.87 | BV27: 0.96 | BW27: -0.51 | BX27: 0.03 | BY27: -0.91 | BZ27: -0.42 | CA27: -0.53 | CB27: -0.19 | CC27: -1.19
A28: 27 | B28: -0.06 | C28: -0.73 | D28: 0.88 | E28: 0 | F28: -0.87 | G28: -0.67 | H28: -0.46 | I28: -0.39 | J28: -0.38 | K28: 0.42 | L28: 0.76 | M28: 0.38 | N28: -0.72 | O28: -0.61 | P28: -0.14 | Q28: 0.6 | R28: 0.11 | S28: 0.09 | T28: -0.27 | U28: -0.7 | V28: -0.43 | W28: 0.6 | X28: -0.8 | Y28: 0.11 | Z28: -0.72 | AA28: -0.58 | AB28: -0.67 | AC28: 0.05 | AD28: -0.59 | AE28: 0.15 | AF28: -0.68 | AG28: -0.3 | AH28: -0.23 | AI28: -0.66 | AJ28: -0.14 | AK28: -1.06 | AL28: -1.26 | AM28: -0.04 | AN28: -0.75 | AO28: -0.58 | AP28: -1.04 | AQ28: -0.88 | AR28: -0.59 | AS28: -0.92 | AT28: -0.01 | AU28: -0.04 | AV28: -0.83 | AW28: -0.88 | AX28: -0.98 | AY28: -0.78 | AZ28: -0.5 | BA28: -1.02 | BB28: -0.21 | BC28: -0.74 | BD28: -0.12 | BE28: -0.36 | BF28: -0.59 | BG28: -0.57 | BH28: -1.69 | BI28: -1.63 | BJ28: -0.9 | BK28: -0.42 | BL28: -1.17 | BM28: -1.62 | BN28: -1.13 | BO28: -1.18 | BP28: -0.23 | BQ28: -0.41 | BR28: -0.67 | BS28: -0.58 | BT28: -0.9 | BU28: -1.03 | BV28: 0.58 | BW28: -0.69 | BX28: -0.02 | BY28: -1.01 | BZ28: -0.54 | CA28: -0.32 | CB28: -0.29 | CC28: -1.37
A29: 28 | B29: 0.19 | C29: -0.49 | D29: 0.65 | E29: 0.29 | F29: -0.83 | G29: -0.54 | H29: -0.15 | I29: -0.55 | J29: -0.52 | K29: 0.33 | L29: 0.41 | M29: 0.15 | N29: -0.72 | O29: -0.62 | P29: -0.31 | Q29: 0.63 | R29: -0.07 | S29: -0.09 | T29: 0.16 | U29: -0.65 | V29: -0.1 | W29: 0.74 | X29: -0.76 | Y29: 0.08 | Z29: -0.92 | AA29: -0.78 | AB29: -0.9 | AC29: 0.07 | AD29: -0.6 | AE29: 0.28 | AF29: -0.34 | AG29: -0.41 | AH29: -0.3 | AI29: -0.55 | AJ29: -0.15 | AK29: -0.74 | AL29: -0.76 | AM29: 0.02 | AN29: -1.07 | AO29: -1.14 | AP29: -0.76 | AQ29: -0.83 | AR29: -0.67 | AS29: -0.98 | AT29: -0.04 | AU29: 0.27 | AV29: -1.03 | AW29: -0.64 | AX29: -0.78 | AY29: -0.94 | AZ29: -0.55 | BA29: -0.89 | BB29: -0.32 | BC29: -0.95 | BD29: 0.22 | BE29: -0.19 | BF29: -0.61 | BG29: -0.95 | BH29: -1.69 | BI29: -2.01 | BJ29: -0.73 | BK29: -0.39 | BL29: -0.47 | BM29: -1.34 | BN29: -0.8 | BO29: -1.24 | BP29: -0.07 | BQ29: -0.63 | BR29: -0.64 | BS29: -0.83 | BT29: -1.02 | BU29: -0.75 | BV29: 0.4 | BW29: -0.76 | BX29: -0.4 | BY29: -0.61 | BZ29: -0.63 | CA29: -0.17 | CB29: -0.14 | CC29: -1.21
... A301: 300 | B301: -0.54 | C301: -0.12 | D301: -1.01 | E301: 0.27 | F301: -0.94 | G301: -0.7 | H301: 1.33 | I301: 0.74 | J301: -0.79 | K301: 0.01 | L301: -0.84 | M301: -0.73 | N301: 0.04 | O301: -2.23 | P301: 0.41 | Q301: 0.19 | R301: -0.4 | S301: -0.89 | T301: 0.24 | U301: 0.86 | V301: -0.34 | W301: -0.3 | X301: -3.1 | Y301: -0.48 | Z301: -0.15 | AA301: 0.84 | AB301: -0.04 | AC301: -0.17 | AD301: 0.06 | AE301: 0.29 | AF301: 0.4 | AG301: 0.51 | AH301: -0.14 | AI301: 0.3 | AJ301: -0.18 | AK301: -0.12 | AL301: -0.13 | AM301: -1.14 | AN301: -1.35 | AO301: 0.12 | AP301: -0.65 | AQ301: -0.51 | AR301: 0.12 | AS301: -1.08 | AT301: 1.04 | AU301: -0.98 | AV301: 0.34 | AW301: 0.12 | AX301: 0.02 | AY301: -0.1 | AZ301: 0.12 | BA301: -0.3 | BB301: -0.24 | BC301: -2.31 | BD301: 0.48 | BE301: 0 | BF301: -0.08 | BG301: -0.04 | BH301: 0.23 | BI301: -1.24 | BJ301: 0.87 | BK301: 0.97 | BL301: 0.18 | BM301: -1.9 | BN301: 0.43 | BO301: 0.29 | BP301: 0.06 | BQ301: 0.85 | BR301: 0.18 | BS301: 0.33 | BT301: 0.48 | BU301: -0.06 | BV301: -0.1 | BW301: -0.54 | BX301: -1.66 | BY301: -0.62 | BZ301: -0.43 | CA301: 0.44 | CB301: -1.62 | CC301: -0.23

Sheet offsets
A1: offset_step | B1: multiplier
A2: 10 | B2: 80 | C2: 79 | D2: 78 | E2: 77 | F2: 76 | G2: 75 | H2: 74 | I2: 73 | J2: 72 | K2: 71 | L2: 70 | M2: 69 | N2: 68 | O2: 67 | P2: 66 | Q2: 65 | R2: 64 | S2: 63 | T2: 62 | U2: 61 | V2: 60 | W2: 59 | X2: 58 | Y2: 57 | Z2: 56 | AA2: 55 | AB2: 54 | AC2: 53 | AD2: 52 | AE2: 51 | AF2: 50 | AG2: 49 | AH2: 48 | AI2: 47 | AJ2: 46 | AK2: 45 | AL2: 44 | AM2: 43 | AN2: 42 | AO2: 41 | AP2: 40 | AQ2: 39 | AR2: 38 | AS2: 37 | AT2: 36 | AU2: 35 | AV2: 34 | AW2: 33 | AX2: 32 | AY2: 31 | AZ2: 30 | BA2: 29 | BB2: 28 | BC2: 27 | BD2: 26 | BE2: 25 | BF2: 24 | BG2: 23 | BH2: 22 | BI2: 21 | BJ2: 20 | BK2: 19 | BL2: 18 | BM2: 17 | BN2: 16 | BO2: 15 | BP2: 14 | BQ2: 13 | BR2: 12 | BS2: 11 | BT2: 10 | BU2: 9 | BV2: 8 | BW2: 7 | BX2: 6 | BY2: 5 | BZ2: 4 | CA2: 3 | CB2: 2 | CC2: 1
A4: 1 | B4: ='cp1919'!B2 + ($A$2 * B$2) -> 799.19 | C4: ='cp1919'!C2 + ($A$2 * C$2) -> 789.39 | D4: ='cp1919'!D2 + ($A$2 * D$2) -> 778.57 | E4: ='cp1919'!E2 + ($A$2 * E$2) -> 768.91 | F4: ='cp1919'!F2 + ($A$2 * F$2) -> 758.87 | G4: ='cp1919'!G2 + ($A$2 * G$2) -> 749.34 | H4: ='cp1919'!H2 + ($A$2 * H$2) -> 739.64 | I4: ='cp1919'!I2 + ($A$2 * I$2) -> 729.27 | ... CC4: ='cp1919'!CC2 + ($A$2 * CC$2) -> 10.12
A5: 2 | B5: ='cp1919'!B3 + ($A$2 * B$2) -> 799.09 | C5: ='cp1919'!C3 + ($A$2 * C$2) -> 789.6 | D5: ='cp1919'!D3 + ($A$2 * D$2) -> 778.85 | E5: ='cp1919'!E3 + ($A$2 * E$2) -> 769.15 | F5: ='cp1919'!F3 + ($A$2 * F$2) -> 759.02 | G5: ='cp1919'!G3 + ($A$2 * G$2) -> 749.11 | H5: ='cp1919'!H3 + ($A$2 * H$2) -> 739.79 | I5: ='cp1919'!I3 + ($A$2 * I$2) -> 729.17 | ... CC5: ='cp1919'!CC3 + ($A$2 * CC$2) -> 9.88
A6: 3 | B6: ='cp1919'!B4 + ($A$2 * B$2) -> 798.91 | C6: ='cp1919'!C4 + ($A$2 * C$2) -> 789.58 | D6: ='cp1919'!D4 + ($A$2 * D$2) -> 778.75 | E6: ='cp1919'!E4 + ($A$2 * E$2) -> 769.28 | F6: ='cp1919'!F4 + ($A$2 * F$2) -> 759.07 | G6: ='cp1919'!G4 + ($A$2 * G$2) -> 749.13 | H6: ='cp1919'!H4 + ($A$2 * H$2) -> 739.56 | I6: ='cp1919'!I4 + ($A$2 * I$2) -> 729.09 | ... CC6: ='cp1919'!CC4 + ($A$2 * CC$2) -> 9.88
A7: 4 | B7: ='cp1919'!B5 + ($A$2 * B$2) -> 799 | C7: ='cp1919'!C5 + ($A$2 * C$2) -> 789.62 | D7: ='cp1919'!D5 + ($A$2 * D$2) -> 778.87 | E7: ='cp1919'!E5 + ($A$2 * E$2) -> 769.26 | F7: ='cp1919'!F5 + ($A$2 * F$2) -> 759.1 | G7: ='cp1919'!G5 + ($A$2 * G$2) -> 749.13 | H7: ='cp1919'!H5 + ($A$2 * H$2) -> 739.8 | I7: ='cp1919'!I5 + ($A$2 * I$2) -> 728.9 | ... CC7: ='cp1919'!CC5 + ($A$2 * CC$2) -> 9.55
A8: 5 | B8: ='cp1919'!B6 + ($A$2 * B$2) -> 799.41 | C8: ='cp1919'!C6 + ($A$2 * C$2) -> 789.45 | D8: ='cp1919'!D6 + ($A$2 * D$2) -> 779.24 | E8: ='cp1919'!E6 + ($A$2 * E$2) -> 769.74 | F8: ='cp1919'!F6 + ($A$2 * F$2) -> 758.86 | G8: ='cp1919'!G6 + ($A$2 * G$2) -> 748.93 | H8: ='cp1919'!H6 + ($A$2 * H$2) -> 739.69 | I8: ='cp1919'!I6 + ($A$2 * I$2) -> 729.13 | ... CC8: ='cp1919'!CC6 + ($A$2 * CC$2) -> 9.76
A9: 6 | B9: ='cp1919'!B7 + ($A$2 * B$2) -> 799.18 | C9: ='cp1919'!C7 + ($A$2 * C$2) -> 789.49 | D9: ='cp1919'!D7 + ($A$2 * D$2) -> 779.75 | E9: ='cp1919'!E7 + ($A$2 * E$2) -> 769.96 | F9: ='cp1919'!F7 + ($A$2 * F$2) -> 759 | G9: ='cp1919'!G7 + ($A$2 * G$2) -> 748.86 | H9: ='cp1919'!H7 + ($A$2 * H$2) -> 739.94 | I9: ='cp1919'!I7 + ($A$2 * I$2) -> 729.29 | ... CC9: ='cp1919'!CC7 + ($A$2 * CC$2) -> 9.52
A10: 7 | B10: ='cp1919'!B8 + ($A$2 * B$2) -> 799.57 | C10: ='cp1919'!C8 + ($A$2 * C$2) -> 789.29 | D10: ='cp1919'!D8 + ($A$2 * D$2) -> 780.4 | E10: ='cp1919'!E8 + ($A$2 * E$2) -> 769.81 | F10: ='cp1919'!F8 + ($A$2 * F$2) -> 759.1 | G10: ='cp1919'!G8 + ($A$2 * G$2) -> 748.91 | H10: ='cp1919'!H8 + ($A$2 * H$2) -> 740.03 | I10: ='cp1919'!I8 + ($A$2 * I$2) -> 729.06 | ... CC10: ='cp1919'!CC8 + ($A$2 * CC$2) -> 9.43
A11: 8 | B11: ='cp1919'!B9 + ($A$2 * B$2) -> 799.32 | C11: ='cp1919'!C9 + ($A$2 * C$2) -> 789.21 | D11: ='cp1919'!D9 + ($A$2 * D$2) -> 780.26 | E11: ='cp1919'!E9 + ($A$2 * E$2) -> 770.18 | F11: ='cp1919'!F9 + ($A$2 * F$2) -> 758.82 | G11: ='cp1919'!G9 + ($A$2 * G$2) -> 748.39 | H11: ='cp1919'!H9 + ($A$2 * H$2) -> 739.78 | I11: ='cp1919'!I9 + ($A$2 * I$2) -> 729.2 | ... CC11: ='cp1919'!CC9 + ($A$2 * CC$2) -> 9.81
A12: 9 | B12: ='cp1919'!B10 + ($A$2 * B$2) -> 799.29 | C12: ='cp1919'!C10 + ($A$2 * C$2) -> 789.48 | D12: ='cp1919'!D10 + ($A$2 * D$2) -> 780.3 | E12: ='cp1919'!E10 + ($A$2 * E$2) -> 770.03 | F12: ='cp1919'!F10 + ($A$2 * F$2) -> 758.7 | G12: ='cp1919'!G10 + ($A$2 * G$2) -> 748.64 | H12: ='cp1919'!H10 + ($A$2 * H$2) -> 739.55 | I12: ='cp1919'!I10 + ($A$2 * I$2) -> 729.01 | ... CC12: ='cp1919'!CC10 + ($A$2 * CC$2) -> 9.93
A13: 10 | B13: ='cp1919'!B11 + ($A$2 * B$2) -> 799.73 | C13: ='cp1919'!C11 + ($A$2 * C$2) -> 789.6 | D13: ='cp1919'!D11 + ($A$2 * D$2) -> 780.36 | E13: ='cp1919'!E11 + ($A$2 * E$2) -> 770.19 | F13: ='cp1919'!F11 + ($A$2 * F$2) -> 758.93 | G13: ='cp1919'!G11 + ($A$2 * G$2) -> 748.45 | H13: ='cp1919'!H11 + ($A$2 * H$2) -> 739.85 | I13: ='cp1919'!I11 + ($A$2 * I$2) -> 729.2 | ... CC13: ='cp1919'!CC11 + ($A$2 * CC$2) -> 9.41
A14: 11 | B14: ='cp1919'!B12 + ($A$2 * B$2) -> 799.72 | C14: ='cp1919'!C12 + ($A$2 * C$2) -> 789.49 | D14: ='cp1919'!D12 + ($A$2 * D$2) -> 780.73 | E14: ='cp1919'!E12 + ($A$2 * E$2) -> 770.14 | F14: ='cp1919'!F12 + ($A$2 * F$2) -> 758.82 | G14: ='cp1919'!G12 + ($A$2 * G$2) -> 748.55 | H14: ='cp1919'!H12 + ($A$2 * H$2) -> 739.91 | I14: ='cp1919'!I12 + ($A$2 * I$2) -> 729.95 | ... CC14: ='cp1919'!CC12 + ($A$2 * CC$2) -> 9.79
A15: 12 | B15: ='cp1919'!B13 + ($A$2 * B$2) -> 799.95 | C15: ='cp1919'!C13 + ($A$2 * C$2) -> 789.68 | D15: ='cp1919'!D13 + ($A$2 * D$2) -> 780.27 | E15: ='cp1919'!E13 + ($A$2 * E$2) -> 769.74 | F15: ='cp1919'!F13 + ($A$2 * F$2) -> 758.63 | G15: ='cp1919'!G13 + ($A$2 * G$2) -> 747.96 | H15: ='cp1919'!H13 + ($A$2 * H$2) -> 739.64 | I15: ='cp1919'!I13 + ($A$2 * I$2) -> 730.04 | ... CC15: ='cp1919'!CC13 + ($A$2 * CC$2) -> 9.33
... A303: 300 | B303: ='cp1919'!B301 + ($A$2 * B$2) -> 799.46 | C303: ='cp1919'!C301 + ($A$2 * C$2) -> 789.88 | D303: ='cp1919'!D301 + ($A$2 * D$2) -> 778.99 | E303: ='cp1919'!E301 + ($A$2 * E$2) -> 770.27 | F303: ='cp1919'!F301 + ($A$2 * F$2) -> 759.06 | G303: ='cp1919'!G301 + ($A$2 * G$2) -> 749.3 | H303: ='cp1919'!H301 + ($A$2 * H$2) -> 741.33 | I303: ='cp1919'!I301 + ($A$2 * I$2) -> 730.74 | ... CC303: ='cp1919'!CC301 + ($A$2 * CC$2) -> 9.77

Sheet chart
